{"name":"6dd3cc43-1854-4230-a119-7649967ef533","id":"/providers/Microsoft.Flow/flows/6dd3cc43-1854-4230-a119-7649967ef533","type":"Microsoft.Flow/flows","properties":{"apiId":"/providers/Microsoft.PowerApps/apis/shared_logicflows","displayName":"Information Sheet - SCR","definition":{"metadata":{"workflowEntityId":null,"processAdvisorMetadata":null,"flowChargedByPaygo":null,"flowclientsuspensionreason":"None","flowclientsuspensiontime":null,"flowclientsuspensionreasondetails":null,"creator":{"id":"7f069122-677a-48e7-8004-c1d24ee5737e","type":"User","tenantId":"4e8c17ea-7f62-48dd-84fa-6b9647e3c9a5"},"provisioningMethod":"FromDefinition","failureAlertSubscription":true,"clientLastModifiedTime":"2024-12-05T20:01:42.741769Z","connectionKeySavedTimeKey":"2025-05-15T16:14:01.6314519Z"},"$schema":"https://schema.management.azure.com/providers/Microsoft.Logic/schemas/2016-06-01/workflowdefinition.json#","contentVersion":"1.0.0.0","parameters":{"$authentication":{"defaultValue":{},"type":"SecureObject"},"$connections":{"defaultValue":{},"type":"Object"}},"triggers":{"manual":{"splitOn":"@triggerBody()['rows']","type":"Request","kind":"ApiConnection","inputs":{"operationId":"GetItemHybridTriggerSchema","parameters":{"dataset":"https://nacoit.sharepoint.com/sites/DataArchitectureandAutomation","table":"2802b25a-19ac-4916-a654-620fb28323e6"},"schema":{"type":"object","properties":{"rows":{"type":"array","items":{"type":"object","properties":{"entity":{"properties":{"ID":{"title":"ID","type":"integer","format":"int64"}},"type":"object","required":[]}}}}},"required":["rows"]},"host":{"connection":{"name":"@parameters('$connections')['shared_sharepointonline']['connectionId']"},"api":{"runtimeUrl":"https://default-4e8c17ea-7f62-48dd-84fa-6b9647e3c9a5.14.common.canada.azure-apihub.net/apim/sharepointonline"}}}}},"actions":{"Get_item":{"runAfter":{},"type":"OpenApiConnection","inputs":{"parameters":{"dataset":"https://nacoit.sharepoint.com/sites/DataArchitectureandAutomation","table":"2802b25a-19ac-4916-a654-620fb28323e6","id":"@triggerBody()?['entity']['ID']"},"host":{"apiId":"/providers/Microsoft.PowerApps/apis/shared_sharepointonline","connectionName":"shared_sharepointonline","operationId":"GetItem"},"authentication":{"value":"@json(decodeBase64(triggerOutputs().headers['X-MS-APIM-Tokens']))['$ConnectionKey']","type":"Raw"}}},"Populate_a_Microsoft_Word_template":{"runAfter":{"Get_item":["Succeeded"]},"metadata":{"012ZQD322OC5X2RZVSXVFLPVHQYHKB4YY3":"/Information Sheet_Template.docx"},"type":"OpenApiConnection","inputs":{"parameters":{"source":"sites/nacoit.sharepoint.com,852832a0-a0f7-4bd7-b95b-f69d28cf0f2f,859358dd-2325-4104-83a8-cfdeb1e5e6cf","drive":"b!oDIohfeg10u5W_adKM8PL91Yk4UlIwRBg6jP3rHl5s-AcZk-Jte3R6NHmOOBp2dC","file":"012ZQD322OC5X2RZVSXVFLPVHQYHKB4YY3","dynamicFileSchema/436800216":"@concat(substring(string(outputs('Get_item')?['body/Primaryphonenumber']), 0, 3), '-', substring(string(outputs('Get_item')?['body/Primaryphonenumber']), 3, 3), '-', substring(string(outputs('Get_item')?['body/Primaryphonenumber']), 6, 4))\r\n","dynamicFileSchema/508872944":"@outputs('Get_item')?['body/FirstName']","dynamicFileSchema/1024138264":"@outputs('Get_item')?['body/Ageinyears']","dynamicFileSchema/1157262337":"@formatDateTime(outputs('Get_item')?['body/Created'], 'dd MMMM yyyy')","dynamicFileSchema/1190494287":"@outputs('Get_item')?['body/HowlonghaveyoubeeninCanada_x003f/Value']","dynamicFileSchema/1370876334":"@outputs('Get_item')?['body/Whoreferredtoyou_x003f_/Value']","dynamicFileSchema/1387762598":"@outputs('Get_item')?['body/LastName']","dynamicFileSchema/1592507920":"@outputs('Get_item')?['body/Whatisthehighestlevelofeducation/Value']","dynamicFileSchema/1746379900":"@outputs('Get_item')?['body/Ivereadtheaboveinformationandwou/Value']","dynamicFileSchema/1885518277":"@outputs('Get_item')?['body/Address']","dynamicFileSchema/-2070027506":"@outputs('Get_item')?['body/ID']","dynamicFileSchema/-221217607":"@outputs('Get_item')?['body/Personalemailid']","dynamicFileSchema/-1136024112":"@outputs('Get_item')?['body/City/Value']","dynamicFileSchema/-2144035435":"@outputs('Get_item')?['body/Postalcode']","dynamicFileSchema/-645286178":"@outputs('Get_item')?['body/Whichcoursewouldyouliketoenrolli/Value']","dynamicFileSchema/-1223519043":"@outputs('Get_item')?['body/Doyouhaveanyexperienceofbackgrou/Value']","dynamicFileSchema/-1681649961":"@outputs('Get_item')?['body/Areyoupresentlyemployed_x003f_/Value']"},"host":{"apiId":"/providers/Microsoft.PowerApps/apis/shared_wordonlinebusiness","connectionName":"shared_wordonlinebusiness","operationId":"CreateFileItem"},"authentication":{"value":"@json(decodeBase64(triggerOutputs().headers['X-MS-APIM-Tokens']))['$ConnectionKey']","type":"Raw"}}},"Send_an_email_(V2)":{"runAfter":{"Populate_a_Microsoft_Word_template":["Succeeded"]},"type":"OpenApiConnection","inputs":{"parameters":{"emailMessage/To":"parthtailor@nacollege.ca","emailMessage/Subject":"ID: @{outputs('Get_item')?['body/ID']}, @{outputs('Get_item')?['body/Title_Student/Value']} @{outputs('Get_item')?['body/FirstName']} @{outputs('Get_item')?['body/LastName']} (@{outputs('Get_item')?['body/Whichcoursewouldyouliketoenrolli/Value']})","emailMessage/Body":"<p class=\"editor-paragraph\"><b><strong class=\"editor-text-bold\">Inquiry ID:</strong></b> @{outputs('Get_item')?['body/ID']}</p><p class=\"editor-paragraph\"><b><strong class=\"editor-text-bold\">Inquiry for the </strong></b>@{outputs('Get_item')?['body/Whichcoursewouldyouliketoenrolli/Value']} program</p><p class=\"editor-paragraph\"><b><strong class=\"editor-text-bold\">Inquiry by:</strong></b> @{outputs('Get_item')?['body/Title_Student/Value']} @{outputs('Get_item')?['body/FirstName']} @{outputs('Get_item')?['body/LastName']}</p><p class=\"editor-paragraph\"><b><strong class=\"editor-text-bold\">Mobile: </strong></b>@{concat(substring(string(outputs('Get_item')?['body/Primaryphonenumber']), 0, 3), '-', substring(string(outputs('Get_item')?['body/Primaryphonenumber']), 3, 3), '-', substring(string(outputs('Get_item')?['body/Primaryphonenumber']), 6, 4))\r\n}</p><p class=\"editor-paragraph\"><b><strong class=\"editor-text-bold\">Email: </strong></b>@{outputs('Get_item')?['body/Personalemailid']}</p><p class=\"editor-paragraph\"><b><strong class=\"editor-text-bold\">Address: </strong></b>@{outputs('Get_item')?['body/Address']}, @{outputs('Get_item')?['body/City/Value']}, ON, @{outputs('Get_item')?['body/Postalcode']}</p><br><p class=\"editor-paragraph\"><b><strong class=\"editor-text-bold\">Tags details:</strong></b></p><p class=\"editor-paragraph\">@{outputs('Get_item')?['body/Tags']}</p>","emailMessage/Attachments":[{"Name":"Information sheet (@{outputs('Get_item')?['body/ID']}: @{outputs('Get_item')?['body/FirstName']} @{outputs('Get_item')?['body/LastName']}).docx","ContentBytes":"@body('Populate_a_Microsoft_Word_template')"}],"emailMessage/Importance":"Normal"},"host":{"apiId":"/providers/Microsoft.PowerApps/apis/shared_office365","connectionName":"shared_office365","operationId":"SendEmailV2"},"authentication":{"value":"@json(decodeBase64(triggerOutputs().headers['X-MS-APIM-Tokens']))['$ConnectionKey']","type":"Raw"}}}},"outputs":{}},"connectionReferences":{"shared_sharepointonline":{"connectionName":"shared-sharepointonl-ff7d6ec6-f336-45a4-a946-90100d805cfb","source":"Invoker","id":"/providers/Microsoft.PowerApps/apis/shared_sharepointonline","tier":"NotSpecified","apiName":"sharepointonline","isProcessSimpleApiReferenceConversionAlreadyDone":false},"shared_wordonlinebusiness":{"connectionName":"shared-wordonlinebus-574d3536-0914-4f3d-84a8-d82db8519bf2","source":"Invoker","id":"/providers/Microsoft.PowerApps/apis/shared_wordonlinebusiness","tier":"NotSpecified","apiName":"wordonlinebusiness","isProcessSimpleApiReferenceConversionAlreadyDone":false},"shared_office365":{"connectionName":"shared-office365-4fc2543d-24df-4e8e-bd10-68aa47e415f8","source":"Invoker","id":"/providers/Microsoft.PowerApps/apis/shared_office365","tier":"NotSpecified","apiName":"office365","isProcessSimpleApiReferenceConversionAlreadyDone":false}},"flowFailureAlertSubscribed":false,"isManaged":false}}