{"name":"73f84a8a-94a5-4ed8-9cac-678a6e52ff4d","id":"/providers/Microsoft.Flow/flows/73f84a8a-94a5-4ed8-9cac-678a6e52ff4d","type":"Microsoft.Flow/flows","properties":{"apiId":"/providers/Microsoft.PowerApps/apis/shared_logicflows","displayName":"Sync List flow on Approval: Information sheet to Enrollment sheet","definition":{"metadata":{"workflowEntityId":null,"processAdvisorMetadata":null,"flowChargedByPaygo":null,"flowclientsuspensionreason":"None","flowclientsuspensiontime":null,"flowclientsuspensionreasondetails":null,"creator":{"id":"7f069122-677a-48e7-8004-c1d24ee5737e","type":"User","tenantId":"4e8c17ea-7f62-48dd-84fa-6b9647e3c9a5"},"provisioningMethod":"FromDefinition","failureAlertSubscription":true,"clientLastModifiedTime":"2024-12-06T20:15:30.0990827Z","connectionKeySavedTimeKey":"2025-05-10T21:01:04.9058881Z","creationSource":null},"$schema":"https://schema.management.azure.com/providers/Microsoft.Logic/schemas/2016-06-01/workflowdefinition.json#","contentVersion":"1.0.0.0","parameters":{"$authentication":{"defaultValue":{},"type":"SecureObject"},"$connections":{"defaultValue":{},"type":"Object"}},"triggers":{"When_an_item_is_created_or_modified":{"recurrence":{"frequency":"Minute","interval":5},"splitOn":"@triggerOutputs()?['body/value']","type":"OpenApiConnection","inputs":{"parameters":{"dataset":"https://nacoit.sharepoint.com/sites/DataArchitectureandAutomation","table":"2802b25a-19ac-4916-a654-620fb28323e6"},"host":{"apiId":"/providers/Microsoft.PowerApps/apis/shared_sharepointonline","connectionName":"shared_sharepointonline","operationId":"GetOnUpdatedItems"},"authentication":"@parameters('$authentication')"},"conditions":[{"expression":"@equals(triggerBody()?['ApprovedforEnrollment_x003f_']?['Value'], 'Yes') "}]}},"actions":{"Get_items":{"runAfter":{},"type":"OpenApiConnection","inputs":{"parameters":{"dataset":"https://nacoit.sharepoint.com/sites/DataArchitectureandAutomation","table":"771f246d-6c1c-4492-b1c2-561e0c8533eb","$filter":"@{triggerBody()?['ID']} eq Key"},"host":{"apiId":"/providers/Microsoft.PowerApps/apis/shared_sharepointonline","connectionName":"shared_sharepointonline","operationId":"GetItems"},"authentication":"@parameters('$authentication')"}},"Condition":{"actions":{"Create_item":{"type":"OpenApiConnection","inputs":{"parameters":{"dataset":"https://nacoit.sharepoint.com/sites/DataArchitectureandAutomation","table":"771f246d-6c1c-4492-b1c2-561e0c8533eb","item/FirstName":"@triggerBody()?['FirstName']","item/LastName":"@triggerBody()?['LastName']","item/Personalemailid":"@triggerBody()?['Personalemailid']","item/Key":"@triggerBody()?['ID']","item/Title_Student/Value":"@triggerBody()?['Title_Student/Value']","item/Ageinyears":"@triggerBody()?['Ageinyears']","item/Gender/Value":"@triggerBody()?['Gender/Value']","item/Mobile_x0023_":"@triggerBody()?['Primaryphonenumber']","item/Address":"@triggerBody()?['Address']","item/City":"@triggerBody()?['City/Value']","item/Postalcode":"@triggerBody()?['Postalcode']","item/Whatisthehighestlevelofeducation/Value":"@triggerBody()?['Whatisthehighestlevelofeducation/Value']","item/PleaseSelecttheCounselorYouConsu/Value":"@triggerBody()?['PleaseSelecttheCounselorYouConsu/Value']","item/InternationalStudentFees":0,"item/Tuitionfee":0,"item/Bookfee":0,"item/Uniformfee":0,"item/FoodHandlersTrainingfee":0,"item/CPR_x002f_FirstAidTrainingfee":0,"item/MaskFittingfee":0,"item/Softwaresubscriptionfee":0,"item/Instructionlanguage/Value":"English","item/Classstarttime/Value":"9:00 am","item/Classendtime/Value":"4:00 pm","item/Fundingsource/Value":"OSAP"},"host":{"apiId":"/providers/Microsoft.PowerApps/apis/shared_sharepointonline","connectionName":"shared_sharepointonline","operationId":"PostItem"},"authentication":"@parameters('$authentication')"}}},"runAfter":{"Get_items":["Succeeded"]},"else":{"actions":{"Update_item":{"type":"OpenApiConnection","inputs":{"parameters":{"dataset":"https://nacoit.sharepoint.com/sites/DataArchitectureandAutomation","table":"771f246d-6c1c-4492-b1c2-561e0c8533eb","id":"@outputs('Get_items')?['body/value'][0]['ID']","item/FirstName":"@triggerBody()?['FirstName']","item/LastName":"@triggerBody()?['LastName']","item/Personalemailid":"@triggerBody()?['Personalemailid']","item/Key":"@triggerBody()?['ID']","item/Title_Student/Value":"@triggerBody()?['Title_Student/Value']","item/Ageinyears":"@triggerBody()?['Ageinyears']","item/Gender/Value":"@triggerBody()?['Gender/Value']","item/Whatisthehighestlevelofeducation/Value":"@triggerBody()?['Whatisthehighestlevelofeducation/Value']","item/PleaseSelecttheCounselorYouConsu/Value":"@triggerBody()?['PleaseSelecttheCounselorYouConsu/Value']","item/InternationalStudentFees":0,"item/Tuitionfee":0,"item/Bookfee":0,"item/Uniformfee":0,"item/FoodHandlersTrainingfee":0,"item/CPR_x002f_FirstAidTrainingfee":0,"item/MaskFittingfee":0,"item/Softwaresubscriptionfee":0,"item/Instructionlanguage/Value":"English","item/Classstarttime/Value":"9:00 am","item/Classendtime/Value":"4:00 pm","item/Fundingsource/Value":"OSAP"},"host":{"apiId":"/providers/Microsoft.PowerApps/apis/shared_sharepointonline","connectionName":"shared_sharepointonline","operationId":"PatchItem"},"authentication":"@parameters('$authentication')"}}}},"expression":{"and":[{"equals":["@length(outputs('Get_items')?['body/value'])",0]}]},"type":"If"}},"outputs":{}},"connectionReferences":{"shared_sharepointonline":{"connectionName":"shared-sharepointonl-ff7d6ec6-f336-45a4-a946-90100d805cfb","source":"Embedded","id":"/providers/Microsoft.PowerApps/apis/shared_sharepointonline","tier":"NotSpecified","apiName":"sharepointonline","isProcessSimpleApiReferenceConversionAlreadyDone":false}},"flowFailureAlertSubscribed":false,"isManaged":false}}